Time (s),Coordinate x (m),Coordinate y (m)
0.0,1.4999999999999998,-2.598076211353316
0.001,1.4999968141090458,-2.5980780507257117
0.011,1.49961450719732,-2.598298737597996
0.02873841812499791,1.4973687841469157,-2.5995935690531295
0.04038528336539765,1.494803910804641,-2.6010692547956413
0.05203214860579739,1.4913747273174094,-2.603036961458467
0.0644793551795056,1.486754494874429,-2.6056786202390123
0.07949331158687584,1.4798681620150687,-2.6095957968724095
0.09539297644110092,1.4710101625508205,-2.614599223910276
0.10956278435541145,1.4617592951636431,-2.6197823884824287
0.12215480705350207,1.452466039791406,-2.624946171496222
0.1359702993738277,1.4411094732868248,-2.6311981084675065
0.15146722137790333,1.4269272877409938,-2.6389161630298483
0.16722629271040795,1.410942057968605,-2.6474974049194824
0.18193299292724904,1.3946049844289286,-2.6561394800360265
0.19628057378023786,1.3773493413451685,-2.6651282880747225
0.21162074425948163,1.357464691407957,-2.675311124258392
0.2271767705942425,1.3357910851695571,-2.6861984619125847
0.24263722899547868,1.3127518174591617,-2.6975326996642073
0.2583712748101079,1.2877793962052229,-2.709543176756796
0.2746698143386836,1.2602995770671854,-2.7224336495210073
0.2915454442242833,1.2301334291321875,-2.7361965840435296
0.30896448844293656,1.1971866805679658,-2.7507715375637156
0.32696086482004966,1.1612422272860996,-2.7661374675832024
0.34548274482519264,1.1222569351369125,-2.782182483507704
0.36423540430803203,1.0807662091091594,-2.79856113051829
0.382424198305535,1.0386236264918818,-2.8144734787332517
0.39922111683210526,0.9980849696671444,-2.829103461049903
0.414648232167553,0.9595165768915717,-2.8424158630767398
0.42962781471343814,0.9208768000664367,-2.8551682820981688
0.4449854082331535,0.8800807259762522,-2.8680059127841986
0.4603187974883955,0.8381953493310419,-2.880525743047582
0.47458120841314566,0.798238241947257,-2.891853334644231
0.48773679277647025,0.760562292735389,-2.901989834384176
0.5010002428296675,0.7218129721362014,-2.9118698517029378
0.5155979025874472,0.6783177910894029,-2.9223081586806705
0.5299357797042209,0.634775086286573,-2.9320744516178108
0.5424389673324536,0.5961756802751865,-2.9401657365272587
0.5544047821764263,0.5587176960144424,-2.9475132800651833
0.5678578908996545,0.5160358849125288,-2.9552845828250005
0.5822583903785506,0.4697286632620135,-2.962997634644702
0.59524059768267,0.42747666531847045,-2.9693877652823
0.6062969737134092,0.39114617440912125,-2.974391478982765
0.6180507290437369,0.3522052782958446,-2.979253504141724
0.6317211203656581,0.3065422829643687,-2.9842975436031
0.6459000709653226,0.25880956966301194,-2.988815418631744
0.6575978976355813,0.21918545871808398,-2.9919822417064452
0.6680552703599508,0.18360526112558304,-2.994376246914717
0.6785126430843204,0.1479007610474785,-2.996352009507824
0.6909448324105854,0.10532516033834319,-2.9981505316777906
0.7033770217368503,0.06264848372309767,-2.9993457899160605
0.714542797474266,0.024266614306176326,-2.9999018536329065
0.7257085732116816,-0.01413406663591654,-2.9999667045085756
0.7392192543982732,-0.06058177279655993,-2.9993882457602585
0.7527299355848648,-0.10696075230532548,-2.9980926265654766
0.7667803601028848,-0.15506322762100755,-2.9959898857371883
0.7808307846209047,-0.20297597000870182,-2.99312558299832
0.7953061351081552,-0.2520779773847596,-2.989390689307289
0.8069385579107309,-0.2913033907658121,-2.9858235605152865
0.8172041261750967,-0.32571937800230344,-2.9822653950971096
0.8296259560631478,-0.36708094880299413,-2.977457233450324
0.8441050868241939,-0.41485359789411613,-2.971177627189986
0.8576587198815955,-0.45909486953419254,-2.964663876524183
0.8688660618731602,-0.49529441212401326,-2.9588314323932914
0.8801974891422145,-0.531514123139464,-2.9525400483148574
0.8937867580892838,-0.5744098690444397,-2.9444954240656873
0.9085647198251442,-0.6203405731289869,-2.935162273764436
0.9218255850821013,-0.6608771573819849,-2.9263016561610184
0.9333154053289296,-0.6954508462490068,-2.918278280159604
0.946169194932069,-0.7334947732107793,-2.908949194756078
0.9611278487402336,-0.7768858595494877,-2.8976625685597117
0.9759090905846135,-0.8187864436171053,-2.8861026939020835
0.9890549678859706,-0.8552018827865824,-2.875522515939969
1.0025419679777439,-0.8917007058572399,-2.8644143993446782
1.0179431410769189,-0.9322765675409046,-2.8514663598952317
1.033755950009051,-0.9726735518442285,-2.837940478858347
1.0489615234421774,-1.010275681122129,-2.824773096751884
1.064464354642724,-1.0473240181067505,-2.811247481296647
1.0809417750098131,-1.0852403091881722,-2.796829181647168
1.0982775093663704,-1.1234702122015638,-2.7816927728086327
1.1161812386574816,-1.161128023352728,-2.7661854083529893
1.1345884906880026,-1.1978766996182686,-2.7504711255549745
1.153315932174053,-1.2331841505351047,-2.734823001744174
1.1717749232716352,-1.265904207181506,-2.71983207905197
1.1892009692363448,-1.2948762196047148,-2.706158823111127
1.205492766175045,-1.320263641391712,-2.693864123748467
1.2211858584465036,-1.3431551704825355,-2.6825238466798442
1.2368356546819046,-1.3644479151768718,-2.6717563299764984
1.252404583111039,-1.3841023685832265,-2.6616274407366447
1.2674565243544795,-1.401649942013019,-2.652428592828618
1.2825282338471218,-1.417784198194312,-2.643839625875677
1.298060548898575,-1.4329045166889625,-2.635675368108202
1.31357604001648,-1.4464787976343523,-2.6282501950906867
1.3283043673573867,-1.4579482920149887,-2.621905180934382
1.3423691250720633,-1.4676125604572492,-2.6165078582698937
1.3567832005914449,-1.476210078382593,-2.611666863227707
1.371714868645222,-1.4837209187097633,-2.607407186341069
1.386650603145796,-1.4898128947305218,-2.6039311701146515
1.4009401556172532,-1.494310936941329,-2.601352498939259
1.4147672824809947,-1.4974248629192473,-2.5995612668123966
1.4285944093447362,-1.4993205789132817,-2.5984683568685494
1.4431285076685743,-1.4999999827572814,-2.5980762213084176
1.4576626059924123,-1.4993334113324153,-2.5984609524990567
1.4721967043162503,-1.4973208655285508,-2.5996211696423828
1.4867308026400883,-1.493962353398363,-2.6015527068711153
1.5012256741839523,-1.4892724146991045,-2.604240325856333
1.515667032077429,-1.4832685955659823,-2.6076645247055303
1.530152100316766,-1.475911998358304,-2.611835326566742
1.544727969983788,-1.4671603706020888,-2.616761442496191
1.559383349878176,-1.4569972841926213,-2.622433776829329
1.574105906288905,-1.445411546064412,-2.628837283382847
1.588916229557703,-1.4323663162844045,-2.635967893577969
1.6038544583832341,-1.4177973809027624,-2.643832556480329
1.6189562667332802,-1.4016306978339237,-2.6524387621375265
1.6342489106699958,-1.3837892238874379,-2.6617902591776463
1.64911622427839,-1.3650291829143337,-2.671459400738148
1.6638990602118122,-1.3449973678892668,-2.681600656393666
1.6791593317888434,-1.3228827633053744,-2.692578911480504
1.6949838326832312,-1.2984178232398635,-2.704461343094601
1.7112114518141874,-1.2717193292343634,-2.7171179487927457
1.727824876580874,-1.242710141278194,-2.730507554423596
1.7449590964492538,-1.211032408893009,-2.744704083250286
1.7627117285776943,-1.1763492177493866,-2.7597468213407548
1.781047174944189,-1.13856625060625,-2.775548034709617
1.7997590929602534,-1.0979882922816888,-2.7918491560276557
1.818353076642066,-1.0556868560230386,-2.8081177436176334
1.8357985946212538,-1.014246034460176,-2.8233499573346923
1.8516807748749375,-0.9750811077868657,-2.8371141734581538
1.866669402823966,-0.9368964668096269,-2.849951755816165
1.8818531424304277,-0.8970383804797102,-2.862747307036782
1.89737766024241,-0.8551004136234484,-2.8755526916787697
1.9121756576795095,-0.8140486100377737,-2.887442615965827
1.9256366880065525,-0.7758273871985224,-2.8979461460269964
1.9386290893447875,-0.7381741230573713,-2.9077652869599024
1.9530135002227027,-0.6956499443736298,-2.9182308261844163
1.9674771149961336,-0.652047498052295,-2.9282817590327186
1.9803138932410975,-0.6126776194300378,-2.9367713793636625
1.9919278602969768,-0.5765431518299755,-2.9440784626225938
2.0050241517377714,-0.5352435857529941,-2.951866240856921
2.019500716836924,-0.4889538826873341,-2.9598858256029055
2.0328954112524382,-0.44557276023342696,-2.9667262959932748
2.044137347170641,-0.4087882663315732,-2.972018195319441
2.0555496510424387,-0.3711251095343773,-2.976955853396766
2.068944803319965,-0.32654379464437855,-2.982175238006596
2.083199422238521,-0.27870865424041247,-2.987025524840977
2.095645935230601,-0.23665403948638675,-2.9906512443939466
2.106673291298969,-0.1992041932891031,-2.993378975234532
2.117700647367337,-0.16160450256774594,-2.9956441685804127
2.130104897096051,-0.11916592094098513,-2.997632312890695
2.142509146824765,-0.07661354094298745,-2.9990215680025005
2.154012851507842,-0.03708411170660578,-2.9997707860199885
2.165516556190919,0.0024758281607274576,-2.9999989783789416
2.177020260873996,0.0420337306814625,-2.99970551312708
2.188523965557073,0.08155705208694551,-2.9988912029705856
2.203777962801774,0.13385643657290303,-2.997012254627551
2.219031960046475,0.18596262743628234,-2.9942307695294623
2.2335301680800925,0.2352400135984431,-2.990762801694863
2.244280221344834,0.27158438107314886,-2.987681697228977
2.255030274609575,0.3077354789076725,-2.9841747393578455
2.2687530768776067,0.3535629199169189,-2.979092691015069
2.2833790641046905,0.4019570927851621,-2.9729497970130123
2.295641411409994,0.442129748299917,-2.967241359523679
2.3063599879386936,0.47691618577077455,-2.9618492452773015
2.318835760760902,0.5169877773415074,-2.9551182105085356
2.333296971396223,0.5628302674901784,-2.946730746097605
2.347231107329428,0.6063392622526838,-2.938086571061323
2.3591280066440867,0.6429377171773667,-2.930295393271887
2.371089574076129,0.6791959418434015,-2.9221041857851624
2.3850836294731113,0.7208933372859718,-2.9120976625547277
2.3996225224845373,0.7633483180840721,-2.901258234848844
2.4130666011903386,0.8017839716580941,-2.8908722667721207
2.4258641336158364,0.8376065539378572,-2.880697009544722
2.4402861358601786,0.8770488999728756,-2.868934510764647
2.4555449307673154,0.9176717662941838,-2.8562000156408027
2.4706215976802497,0.9566530323527391,-2.843380905839089
2.4855830124665967,0.9941648266617389,-2.8304834034893487
2.501123482813081,1.031858779051579,-2.8169606777685408
2.5174942901918764,1.0701321376204067,-2.80264468101684
2.534526967226667,1.108354119271329,-2.787750194385122
2.552117567333431,1.1460803447493144,-2.7724537585646587
2.5703060616122877,1.1831858139045952,-2.7568226874020985
2.588960648030761,1.2191985056744532,-2.741086464116224
2.607670304686086,1.2532087008029398,-2.7257050376428866
2.6255507232734367,1.2837141019773743,-2.7114715754336096
2.6422424824499076,1.3104127218543176,-2.6986697646066955
2.6580999708819837,1.3341738394898544,-2.6870020777849986
2.6737505251609694,1.3560842227671364,-2.6760111324062255
2.689398116833756,1.3764530707817233,-2.6655912934911017
2.704683211959941,1.3948601705260577,-2.6560054790380265
2.7193301840056936,1.4111132126766965,-2.647406183608625
2.734257433078921,1.4262788348740414,-2.639266694593461
2.749799255526373,1.4405661250850894,-2.6314956278240853
2.7652523408768457,1.4532498663710751,-2.6245123024844856
2.779771889039872,1.4637831679788735,-2.618652103113683
2.793652931729787,1.4725985238016464,-2.613704954216754
2.8080989758612644,1.480469708380601,-2.609254576036507
2.823098575323991,1.4872357907784968,-2.605403942314407
2.837935247741193,1.4925182572656972,-2.602381457766821
2.8520180034772658,1.4962348553338713,-2.6002463840344108
2.8657895689965063,1.498647241748729,-2.598856757268266
2.879561134515747,1.4998511837786315,-2.598162124756236
2.8940731890996956,1.4998122013043726,-2.5981846279313046
2.9085852436836444,1.4984313234843256,-2.5989812559541505
2.923097298267593,1.4957085536473946,-2.600549157879162
2.937582222420213,1.4916527602798402,-2.6028776465192394
2.9520321256807085,1.4862748083663955,-2.6059522624206757
2.966513818490642,1.479550399722854,-2.6097759702089265
2.981063151702793,1.4714493475777044,-2.6143520836936167
2.995678383601231,1.4619544584817459,-2.619673483723755
3.010356978267512,1.45104997282818,-2.6257292275395336
3.0251183175658936,1.438701966296596,-2.632515271023956
3.0399956480435195,1.4248560042337448,-2.6400351071906383
3.0550204288529783,1.4094473705616912,-2.648293433442901
3.070219506401976,1.392405156754586,-2.657293337108893
3.085622738647202,1.3736447816741388,-2.667039559845224
3.100616997177728,1.3539468980531328,-2.6770931618552796
3.115586444049354,1.3328741545905216,-2.6876470170066233
3.1310480282382933,1.309639070058421,-2.699045295317682
3.147078532771303,1.283981349979196,-2.71134503390948
3.163543943675857,1.2559778471918404,-2.7244301509422746
3.180448614111432,1.225503269955424,-2.738273495348585
3.1979165328421404,1.1921980088408717,-2.752937323608341
3.2160012034922536,1.1557982974502017,-2.7684165682951702
3.234584964463304,1.1163929403306245,-2.7845406807550743
3.2533315271757397,1.0746263344889497,-2.800924533296611
3.2713541144202885,1.032605805115868,-2.8166869281553124
3.2879146076978145,0.992420302474136,-2.831095537638592
3.3032054280421317,0.9540123051943004,-2.844268011551981
3.318219519372809,0.9151153948673703,-2.857020093397445
3.3336393365494725,0.8739831119124069,-2.8698699482889314
3.3488657684376686,0.8322287103186983,-2.882255258251997
3.362920207616706,0.7927212842853804,-2.893370519902514
3.3759999835930414,0.7551517464781063,-2.9034024591488556
3.3899972341785722,0.7141256774298272,-2.91376466394172
3.4043459352374903,0.6712282494652607,-2.923944704867008
3.417703708937836,0.630566389563193,-2.9329824459674576
3.4298938317291183,0.5928796717688136,-2.940832143255318
3.4428279281813174,0.5523225216620041,-2.9487183371874304
3.4569720153561976,0.5073414957995304,-2.9567895776737156
3.4705867752231945,0.46346744915903393,-2.96398345534688
3.4824025454304395,0.42496837415188154,-2.9697477806997323
3.4940436732212383,0.3866859959243688,-2.9749746117498526
3.5072649858292673,0.342821391770766,-2.9803478812623174
3.5213432589221165,0.2957114443151832,-2.985390215985346
3.53347377063409,0.25482826549738735,-2.9891574992134236
3.5443314563123938,0.2180377141465057,-2.992066101410505
3.5567503752441154,0.17576385057399657,-2.9948467521446847
3.570781534660843,0.1278020542346208,-2.9972765362798555
3.584722231522083,0.07999475516923832,-2.998933283543617
3.5972451928406186,0.03696532644788679,-2.9997722521286
3.609768154159154,-0.006100142146091932,-2.9999937980378935
3.62229111547769,-0.049159662277343676,-2.999597194225381
3.6348140767962254,-0.09217126010421062,-2.9985837421707533
3.647337038114761,-0.13509307844262106,-2.996956766481108
3.6618155106226604,-0.1845508235874721,-2.994318118288847
3.67629398313056,-0.233769107475753,-2.9908781326543536
3.6907101336494663,-0.2824750748172848,-2.9866716980790504
3.701974825318903,-0.3202853165487838,-2.9828538878066255
3.7120641781276853,-0.3539396951732921,-2.97904795063466
3.7245941103261653,-0.3954259532168594,-2.9738255354883005
3.7392410673921215,-0.4434396698441986,-2.9670458808735125
3.7527344601490134,-0.48716342329967666,-2.9601810415917047
3.7637776383742323,-0.5225520338289915,-2.95413936230859
3.7751190094750475,-0.5584984511462463,-2.9475548307142745
3.7888769662413333,-0.6015270320566792,-2.939075574003576
3.8038013823775296,-0.6474403265200521,-2.9293038462398573
3.817067358654466,-0.6875424598084438,-2.92015159982501
3.8285418045019384,-0.7216615709288963,-2.911907377827151
3.841558341329345,-0.7596992967174113,-2.9022158738740664
3.8567444628475815,-0.8031414164457096,-2.8904954359399344
3.8716913830991113,-0.8448720197138564,-2.878574520540443
3.884949509023527,-0.8810007287603427,-2.8677234378376117
3.8986339898998636,-0.9173864145319625,-2.856291680909285
3.9143133598246984,-0.9579103449295672,-2.842957574617836
3.930402948834074,-0.9981604349006031,-2.8290768363901058
3.945924453841218,-1.0356724287676786,-2.815560800318556
3.9618108193580657,-1.072693041311854,-2.801665511641448
3.9787176205094927,-1.1105311080288145,-2.7868836821977885
3.99647501754799,-1.1485042145228812,-2.771450535229375
4.014765679305209,-1.1856873843372986,-2.7557477073606327
4.033429430149561,-1.2215760729815268,-2.740027718458161
4.052119413426784,-1.2554073232406648,-2.7246930933141273
4.06993617290829,-1.2856707078978733,-2.7105443790599297
4.0865512886527355,-1.3121284902344645,-2.6978359522244904
4.10236509701661,-1.3357168021805714,-2.68623540002966
4.1180144327044506,-1.3575208848279896,-2.6752826107265437
4.13366210384012,-1.3777848665786432,-2.664903161735313
4.148913556485769,-1.396050414320238,-2.6553800557879264
4.163514153403224,-1.4121587192764695,-2.646848645384049
4.178427515396196,-1.4272176187044074,-2.6387591532498123
4.193970679442523,-1.441410087225841,-2.6310334396285318
4.209413573156973,-1.4539903529300575,-2.624102142369136
4.223907660726089,-1.4644174913973727,-2.61829742597922
4.2377706992848285,-1.4731394143977679,-2.613400135024829
4.252213646784476,-1.480924424704627,-2.6089965213302344
4.2672164773004315,-1.4876041776451379,-2.6051936224881116
4.2820490888797424,-1.4927984367103329,-2.602220749159299
4.2961192024379375,-1.4964301414384398,-2.600134002661119
4.309883186116802,-1.4987623026806651,-2.5987904032575138
4.323647169795667,-1.49988734944486,-2.5981412469254384
4.338157028799538,-1.4997663529303442,-2.5982110935445593
4.352666887803409,-1.4983038671301796,-2.599054736195979
4.36717674680728,-1.4954998958200678,-2.6006691565061035
4.381663116322344,-1.4913622530372752,-2.6030441083884046
4.396117077960558,-1.485901279786403,-2.606165264661689
4.410601725230576,-1.479093502212241,-2.610034944538776
4.425152883474677,-1.4709088577566969,-2.614656216823331
4.439770937831539,-1.4613289942228986,-2.620022437049634
4.454454609922663,-1.450336901685802,-2.626123163830753
4.469222936307774,-1.4378982363804385,-2.6329543599945007
4.484108487239352,-1.423958517997535,-2.640519293438755
4.499142750017672,-1.4084524889570476,-2.6488226792956064
4.514353164425348,-1.3913080507834312,-2.65786792520345
4.529770147385005,-1.3724392287656229,-2.6676601289042092
4.544780214683955,-1.3526302099014784,-2.677758673828148
4.559772117416662,-1.3314341783439807,-2.688360658233468
4.575257879561404,-1.3080663034069255,-2.6998078720329968
4.591313435747184,-1.282266679529418,-2.7121563676470792
4.607807866172487,-1.2541073272407353,-2.72529169296813
4.624747681960675,-1.223457783697257,-2.739188027775857
4.6422549003039375,-1.189959700437566,-2.7539055741500165
4.660376557510795,-1.1533611896540434,-2.7694327878104934
4.678983383286049,-1.1137782256335187,-2.7855875617371364
4.697723515539787,-1.071898129710252,-2.8019697356544837
4.7156702717290475,-1.029938995628057,-2.817663156817129
4.732126078901051,-0.9899124526004275,-2.831973399625535
4.74735992796913,-0.9515683995337316,-2.845086568280273
4.762393893285201,-0.9125455544476405,-2.8578419499786643
4.777840794060999,-0.8712651844822987,-2.870696253230048
4.793015075232694,-0.8295828479562448,-2.8830179150287663
4.806975649115769,-0.7902811629104036,-2.8940379547526645
4.820026055100995,-0.7527473312340422,-2.904026765599893
4.834099723807478,-0.7114456694745401,-2.9144201926602724
4.848483098172664,-0.6683912011488864,-2.924594536380515
4.861744339042983,-0.6279781114669398,-2.933537709237504
4.873815862455426,-0.5906238933951093,-2.9412860140678507
4.886773458629365,-0.5499606358672082,-2.9491597615247995
4.900985263309443,-0.5047291091114938,-2.957236636864817
4.914611231234296,-0.4607863086745697,-2.964401453537978
4.926357483056378,-0.42248876907096933,-2.9701015538208733
4.937929139226356,-0.3844142538819385,-2.97526900992374
4.951145693130077,-0.34054531093627427,-2.980608812172396
4.965254919154529,-0.2933125617820378,-2.985626858986377
4.977384045473707,-0.2524194530875964,-2.9893618749999487
4.988199858809817,-0.21575991068333672,-2.9922312178275945
5.000592849280114,-0.1735644264097646,-2.9949750232489767
5.014635667987769,-0.12555424517109665,-2.9973715371171235
5.028604728585572,-0.07764370991674321,-2.998995074072422
5.041133194454111,-0.03459230092575959,-2.9998005554897733
5.05366166032265,0.008492864725508073,-2.9999879785173773
5.066190126191189,0.051569741444742044,-2.9995567275461417
5.078718592059728,0.09459630385292264,-2.9985082189811183
5.091247057928267,0.13753064914902846,-2.99684589536143
5.105734130872091,0.1870074080289449,-2.994165698377758
5.120221203815915,0.23624125917875993,-2.9906838795602653
5.134629611580306,0.2849043566165083,-2.986440943260114
5.145885593948743,0.32267035561280477,-2.982596828538608
5.1559782057581645,0.35632065865508716,-2.9787641041572144
5.168516699885536,0.3978145370911709,-2.9735069520817796
5.183167957559502,0.4458151383165049,-2.9666898830932507
5.196658954953061,0.4895034599197057,-2.9597949866040807
5.207701959825196,0.5248671182620601,-2.9537289158226923
5.219053128740376,0.5608177047325942,-2.9471144365392865
5.23282280588819,0.6038476545502314,-2.9385996682252493
5.247754370514441,0.6497415405501963,-2.9287942793039377
5.261024362714157,0.6898165144646141,-2.9196152445779395
5.272506915222202,0.7239238152899846,-2.911345790121082
5.285541669650394,0.7619715122389721,-2.901620136154329
5.300110018370477,0.8036155379853148,-2.890363656550605
5.314799090454655,0.8446236505890441,-2.878647406138106
5.3286301737149655,0.8823004528213636,-2.867323823873269
5.342465514334951,0.9190487110436352,-2.8557572492647845
5.357920337604129,0.9589508900574938,-2.842606759729167
5.373864266921689,0.9988082107346843,-2.8288482034511833
5.389629650200506,1.0368764998920166,-2.8151176039326833
5.405712177433726,1.074299969391311,-2.8010497274710846
5.422616280675768,1.112064451000542,-2.7862721792425216
5.4403340925415655,1.1498828766273164,-2.7708788082554774
5.458638760857795,1.1870222534814645,-2.7551729836327503
5.477319192726217,1.2228664011726098,-2.739452092094905
5.496001727738368,1.25660601202226,-2.7241404755536216
5.513777880633901,1.2867278883195106,-2.710042682582843
5.53034809166774,1.313050375553439,-2.697387386205209
5.546142018756686,1.3365510252103747,-2.6858204253093865
5.561795645868618,1.3583040619172952,-2.6748850583490453
5.57744180791328,1.378508716331603,-2.664528798680509
5.592669390608418,1.3966908745304356,-2.655043239008247
5.607243692251703,1.41271989912044,-2.64654916573055
5.622155550860632,1.4277270605898047,-2.63848354940097
5.637702919962275,1.441870795488248,-2.6307809884363307
5.653134450125173,1.454389914916197,-2.623880709062442
5.66760729180885,1.4647545677428302,-2.6181088702108055
5.681462661906641,1.4734277315789746,-2.6132375934487913
5.695909098356985,1.4811689911127157,-2.6088576848433362
5.710915280111319,1.4878025001172075,-2.605080367406154
5.725740442358872,1.4929471786656552,-2.602135415714228
5.739798522909617,1.4965321064633113,-2.600075317048428
5.75356158688645,1.4988219245222907,-2.598756017515168
5.767324650863283,1.4999047892553001,-2.5981311789763453
5.781833365716605,1.4997395095592871,-2.5982265881687208
5.796342080569928,1.498232952162999,-2.5990956159889436
5.81085079542325,1.4953851211012106,-2.60073515368042
5.825337969161631,1.491203250007219,-2.603135199556087
5.839794113858331,1.4856974128453093,-2.6062814885320345
5.854280359980448,1.47884458430534,-2.610175989367531
5.8688325347182015,1.4706147562618277,-2.6148216456701157
5.883452156957482,1.460988943577733,-2.6202120728566287
5.89813860773594,1.4499494673463873,-2.626337096060204
5.912910738250774,1.4374617598340849,-2.633192679811852
5.9278007644717166,1.423471310115008,-2.6407819730677318
5.942840196311706,1.4079125585634582,-2.6491097046818113
5.9580567897872365,1.3907127625389664,-2.658179454459635
5.973481263218948,1.3717851900684628,-2.667996512799226
5.988499938061087,1.3519159409613928,-2.6781193566707353
6.003504073878241,1.3306530180926606,-2.688747393386164
6.019003001909396,1.3072130863825597,-2.7002210922052625
6.035072200089321,1.2813364511189391,-2.712595970474394
6.051582430171541,1.2530924874799725,-2.7257584665228967
6.0685413491334925,1.2223479599173992,-2.7396834607096068
6.086069834788487,1.188745359731198,-2.7544299718303855
6.104211287620955,1.1520395752698553,-2.769982818901959
6.122829985677002,1.1123617964670198,-2.7861534835253883
6.141565689531429,1.0704226701984014,-2.8025337298818225
6.159470846218864,1.0284987770320675,-2.818189182018046
6.175870225843704,0.9885584880249658,-2.832446312951721
6.191074331927847,0.9502467374479395,-2.8455282704569203
6.206120183623529,0.9111528233840895,-2.8582862929453396
6.221581356927616,0.869793315550327,-2.8711425579765244
6.236726175680935,0.828153735883085,-2.883428755794549
6.250635807065067,0.7889642963314396,-2.8943972324327296
6.263671653175913,0.7514461548010217,-2.9043637300509215
6.277788355356263,0.7099902277446111,-2.914775098786727
6.292190422351099,0.6668508877465356,-2.9249461351470507
6.305398343078218,0.6265760272229663,-2.933837500971977
6.317405128038639,0.5894038075905392,-2.941530749728465
6.330376643800131,0.5486793483249479,-2.949398408611863
6.344625958500453,0.5033093810295928,-2.9574785995789767
6.358233975439768,0.4594073069478304,-2.9646154769755477
6.369920662610493,0.4212916186362378,-2.970271599040586
6.38146427655287,0.383299420436699,-2.9754128376232236
6.394696731974881,0.33936759437538244,-2.9807431348387423
6.408826332143085,0.29205667713984534,-2.985749972341628
6.420938775312845,0.25121239277147195,-2.9894635528332305
6.431718268517603,0.2146706824083882,-2.992309559205799
6.444097541100193,0.17251723471782265,-2.9950355262877055
6.458154390599032,0.12445501144627433,-2.9974173800333945
6.472137176285756,0.07649453086246438,-2.9990246058924592
6.484657145796282,0.033470886863536456,-2.9998132774778927
6.497177115306808,-0.009585375521648284,-2.9999846867236064
6.5096970848173346,-0.052632295404104315,-2.9995382713811956
6.522217054327861,-0.09562793464617625,-2.998475495666966
6.534737023838387,-0.13853047986848438,-2.9967998441917016
6.54922766340964,-0.18801512104470455,-2.994102589133881
6.563718302980893,-0.23725543752922687,-2.9906035941533307
6.5781236144436726,-0.28590117626695877,-2.9863456794900007
6.58937602482912,-0.3236489981196774,-2.982490792276815
6.599469907408358,-0.35729737377435533,-2.978647106774127
6.6120118844126905,-0.3987942338394217,-2.9733757177753644
6.626664946208476,-0.4467895352996021,-2.966543293320827
6.640155010897111,-0.49046344342340387,-2.959636060509006
6.651197947117107,-0.5258168384897244,-2.953559996404422
6.6625530984544055,-0.5617689694278254,-2.946933257640527
6.676327576109289,-0.60479939767344,-2.9384039355699896
6.6912621070604965,-0.6506853679220272,-2.9285847353239056
6.704533788086376,-0.6907492759273491,-2.919394704010722
6.716019681588574,-0.7248517253173858,-2.9111149026282295
6.72906190630017,-0.762903425578579,-2.901375253778884
6.743636920934521,-0.8045452720920379,-2.890104998984355
6.758330836775666,-0.8455441996659986,-2.878377148049087
6.772167724966325,-0.8832142798218325,-2.867042471941916
6.786013141250585,-0.9199654666259862,-2.8554620537165203
6.8014790246882955,-0.9598679081107154,-2.8422972397304216
6.817432531767033,-0.9997182418168835,-2.8285267255195885
6.833209448412175,-1.0377820658282286,-2.8147838964732808
6.8493063842638655,-1.075204144052857,-2.8007027776277105
6.8662266184091,-1.112965688917365,-2.7859123057434356
6.8839598417040975,-1.1507737291449278,-2.770508946801992
6.90227705315407,-1.187891542789198,-2.754798301613006
6.920962984042269,-1.2236965299773608,-2.739081379317046
6.939630407996056,-1.2573590850300849,-2.7237929677734884
6.957379717587884,-1.2873899425386328,-2.7097282402208482
6.973926134583551,-1.313634429035928,-2.6971029989326416
6.989709638999638,-1.337082657197614,-2.685555802403176
7.005362652752002,-1.3587985866139867,-2.6746338816772344
7.0210044498370525,-1.378961470063179,-2.664294515266883
7.036218900896291,-1.3970935269505071,-2.6548313839023736
7.0507811723023694,-1.4130774514327138,-2.646358274355981
7.0656924888715205,-1.4280519658834905,-2.6383077119123626
7.0812405304942,-1.442162783380791,-2.6306209354886763
7.096664661522954,-1.4546429308489648,-2.6237404490023586
7.111126686433662,-1.4649697392957939,-2.617988476473416
7.124979313564585,-1.473612940156109,-2.6131331582229906
7.13942773596303,-1.481325828496924,-2.6087686347830648
7.154434786584813,-1.4879290055413712,-2.6050081140888337
7.169255428485255,-1.4930419500412406,-2.6020810393638873
7.183307825817465,-1.4965972822856737,-2.6000378025434814
7.197071519277254,-1.4988598582049193,-2.598734139049612
7.210835212737043,-1.4999153702924186,-2.598125070499986
7.225343195289981,-1.4997212197043754,-2.598237145290711
7.239851177842919,-1.498185926832512,-2.599122722889592
7.254359160395857,-1.4953094958874793,-2.600778635622173
7.26884686684762,-1.4910987775289022,-2.6031950437206612
7.283304434052249,-1.4855636766195057,-2.6063577196364927
7.297791725314575,-1.4786814626397962,-2.6102684022999316
7.312344574297871,-1.4704221587709265,-2.6149299560400188
7.32696523391571,-1.460766364694392,-2.620336166940712
7.341653509891596,-1.4496959663429902,-2.6264770330556635
7.35642813346214,-1.4371762502071705,-2.633348519630564
7.371321092786666,-1.4231526836242083,-2.6409536987787674
7.386363911168799,-1.407559510719706,-2.6492973075482786
7.4015845547082995,-1.3903235628505426,-2.658383040606198
7.417013936285399,-1.3713576142721782,-2.668216313153362
7.4320382511990015,-1.351449011646976,-2.678355011741052
7.44705040307109,-1.330142356838537,-2.689000057743402
7.462557955907785,-1.3066553132510639,-2.700491046523347
7.478636090428441,-1.2807283241112681,-2.712883145256931
7.495156671315204,-1.252429021937175,-2.7260633787587345
7.512128092645414,-1.2216223752398463,-2.7400070752305274
7.52967045989879,-1.1879514858570634,-2.754772452898785
7.547824748006495,-1.1511757998615766,-2.7703419063020096
7.5664509591375815,-1.1114366356983474,-2.786522672584512
7.5851834116176375,-1.0694598869794307,-2.802901273705861
7.603061215297191,-1.0275597267891374,-2.8185317113491974
7.619423865901892,-0.9876757752876828,-2.8327542362354485
7.634608968664174,-0.9493842310582905,-2.845816153903457
7.649662982349152,-0.910242880578894,-2.8585762012504485
7.665133303548467,-0.8688321567313775,-2.8714335589439495
7.680258440597811,-0.8272218585618077,-2.8836962386349843
7.694134795582443,-0.7881059382772864,-2.8946310697655555
7.707161643003139,-0.7505966557136297,-2.904583388445244
7.72130702814415,-0.7090382111466844,-2.9150068293460185
7.735721244701715,-0.6658435894252488,-2.925175604031544
7.748893999618115,-0.6256601785637882,-2.934032948172112
7.760858368340372,-0.5886073742967481,-2.941690221441376
7.7738394071135275,-0.5478415861307934,-2.9495541352052137
7.788113487470643,-0.5023803051564739,-2.957636561342672
7.801705249939349,-0.4585195687826673,-2.964752907923925
7.813348918164749,-0.42053635380113447,-2.970378624877964
7.824875950338154,-0.3825924605016725,-2.975503824424944
7.838122288936957,-0.3386080922189858,-2.9808295086912047
7.852265888039834,-0.291243879914991,-2.985829365923656
7.864364458797382,-0.2504416248907348,-2.98952822239937
7.875117688247203,-0.21398562489718073,-2.99235862695925
7.8874880395409654,-0.17185963612248237,-2.9950733322361245
7.901555499374899,-0.12375857928193303,-2.997446215373092
7.915546947558173,-0.07576658298016117,-2.9990430848695384
7.928059247459143,-0.03276840829636994,-2.999821033231451
7.940571547360113,0.010261661277389696,-2.9999824496666396
7.953083847261083,0.05328174146370217,-2.999526805352236
7.965596147162053,0.09624997228183153,-2.998455592940422
7.978108447063023,0.13912461973563506,-2.9967723203779455
7.9926011755009805,0.1886138271064841,-2.9940649332010003
8.007093903938937,0.23785786842981574,-2.99055574006338
8.02149739375812,0.28649334372185253,-2.9862889284197696
8.032747715575214,0.32423047107396896,-2.9824276356061024
8.042842360891296,0.35787771771358373,-2.9785774354822543
8.055386396264472,0.3993762997674648,-2.9732975920993487
8.070040524670727,0.44736842114908715,-2.966456049861279
8.083530055006015,0.49103381877057917,-2.959541482869195
8.094572972728926,0.5263811773054288,-2.953459472580988
8.105930491343312,0.56233421504107,-2.946825449631171
8.119707813360739,0.6053648852351263,-2.938287486908594
8.134644107537992,0.6512461376560577,-2.9284600847865554
8.147916809091658,0.69130350785972,-2.919263513289072
8.159404706687148,0.7254031154610221,-2.9109775540321845
8.17245137324481,0.7634571804130414,-2.9012295899628113
8.187030346503608,0.8050977015059049,-2.889951157204896
8.201727147092207,0.8460911675286424,-2.878216415808587
8.215567507549888,0.8837572918976329,-2.866875136628342
8.229418938327386,0.9205102585925169,-2.855286476664867
8.244891411304492,0.9604128614049918,-2.8421131461727365
8.260850619453077,1.0002590280240402,-2.8283355311660623
8.276634415109594,1.038320214856322,-2.8145854279841522
8.292739944079637,1.075741482832707,-2.800496431369427
8.309669781166887,1.1135012564877296,-2.7856982880061247
8.32741215116392,1.1513030342119643,-2.770289032468333
8.345736760912436,1.1884078632603283,-2.754575602618492
8.364425845069283,1.2241893279689322,-2.738861166486351
8.383082899736076,1.257803695769102,-2.7235876822510394
8.400815904723416,1.2877800961554793,-2.709542844087501
8.417348869016696,1.3139795105205176,-2.6969348983489123
8.433126762130469,1.3373975441187205,-2.6853990036836635
8.448779101083645,1.3590910502181957,-2.6744852808001767
8.464417668949102,1.379228406253139,-2.6641563398915658
8.479624403374832,1.3973309496343869,-2.6547064276853405
8.49418027861173,1.4132890077333289,-2.6462452986486493
8.509091653203992,1.428244537008422,-2.6382034687464015
8.52463993628182,1.4423356722194818,-2.6305261467324605
8.540059359934233,1.4547924713536744,-2.6236575358252523
8.554515047620377,1.46509693061418,-2.617917298904779
8.568366512298448,1.47372264955374,-2.6130712872388875
8.582816337144905,1.4814187894803652,-2.6087158469589062
8.597823774219826,1.4880038751741984,-2.6049653486114868
8.612641507804023,1.493097902904462,-2.6020489335026533
8.626690601988248,1.4966356924415112,-2.6000156930507394
8.64045503355423,1.4988821334415925,-2.598721291337257
8.654219465120214,1.4999213810878853,-2.5981216004173886
8.668727017036865,1.4997100198551139,-2.598243609892301
8.683234568953516,1.4981575959695195,-2.599139053155646
8.697742120870167,1.4952641137492713,-2.6008047274129615
8.71223014888377,1.4910361938269896,-2.603230890393306
8.726688561242511,1.4854836436183434,-2.60640333496993
8.741176474686725,1.4785839080080168,-2.610323663260888
8.755729730367609,1.4703070260589057,-2.614994693899363
8.770351015607398,1.4606333492449766,-2.6204103150219455
8.785040385785507,1.4495445054086495,-2.626560626911096
8.799816499687852,1.437005695498076,-2.6334415943981213
8.814711211006744,1.4229623735641885,-2.641056243895728
8.829756055692744,1.4073486618425681,-2.649409319831496
8.844979122508555,1.3900911392125788,-2.65850458428846
8.860411439779138,1.3711022854455719,-2.6683475266250323
8.87543912698736,1.3511701915975531,-2.6784956810378153
8.890456072249687,1.3298374219969842,-2.689150875472853
8.905968782276114,1.306322243158323,-2.7006521799428014
8.922052261250524,1.2803651797788302,-2.7130545527891474
8.938579030916623,1.2520328235448024,-2.7262453684080645
8.955557922770922,1.221189074071992,-2.7402002199414524
8.973108570201546,1.1874774221236595,-2.7549768369165175
8.991270481440269,1.150660083799868,-2.770556148420326
9.009901084855482,1.1108844912687617,-2.786742838343455
9.028631462064338,1.068885641005067,-2.803120312518387
9.046492876715684,1.0269999047768725,-2.818735744192473
9.062833660217777,0.9871495619772926,-2.8329376523827774
9.078007578335654,0.9488697464334772,-2.845987737904588
9.093066604277412,0.9096997246357245,-2.8587490989937705
9.108542318592649,0.8682586156653321,-2.871607037239415
9.12365555547264,0.8266662732791497,-2.883855556823672
9.13751205532498,0.7875942905117048,-2.8947703248363883
9.150533717014365,0.7500897928437404,-2.9047143237626956
9.16469642557175,0.7084695358789341,-2.9151450935985164
9.1791178683357,0.6652419865328916,-2.9253124789249068
9.192269518023249,0.6251135626685648,-2.9341494566173383
9.204208532493746,0.5881322000284828,-2.941785259887263
9.217195413377583,0.5473412472335599,-2.949647022793963
9.23148436510323,0.5018251627177822,-2.957730803515304
9.24506628276926,0.4579895799712154,-2.964834825860928
9.256684144787187,0.42008589273073743,-2.970442364821925
9.268201302003783,0.3821707749980281,-2.9755580146818836
9.281456045416682,0.33815465360453467,-2.9808809822342837
9.295608028936055,0.2907585348788988,-2.9858766676463873
9.308201991650025,0.24827749157180223,-2.989708729488398
9.319450213784792,0.21012923490218752,-2.9926319026301145
9.331854186498045,0.16787187784260466,-2.9952994896386835
9.345665794661736,0.12063255691337571,-2.9975736498396244
9.35957133751601,0.07292781367497066,-2.999113458006024
9.373476880370285,0.02513545158088676,-2.9998946996643028
9.38738242322456,-0.022687128014422155,-2.9999142144772266
9.401287966078835,-0.07048243302245465,-2.999171923487414
9.41519350893311,-0.11819305325653104,-2.9976708295211076
9.429099051787384,-0.1657618324441394,-2.99541700183877
9.443608992679135,-0.21518558979983016,-2.9922725748069947
9.458118933570885,-0.264329375621953,-2.9883323076899115
9.472407496351277,-0.31238865298572815,-2.9836912255602392
9.483629041082942,-0.34986056516002945,-2.979529759030064
9.493847358764738,-0.38374867556465964,-2.9753549290802748
9.50650841527184,-0.42539671997036793,-2.969686453253636
9.521175980504369,-0.47312510939143004,-2.9624571947731764
9.534630638602243,-0.5163680155296683,-2.9552265687317383
9.54571334009889,-0.5515682607166802,-2.948859517469387
9.557232209065582,-0.5877250453227943,-2.941866630406638
9.571148085812297,-0.6307863737936186,-2.9329351425893484
9.586144156297198,-0.676383727486871,-2.9227564135916255
9.599462496668608,-0.7161366735632784,-2.9132710592695856
9.611072613529712,-0.7501917316045951,-2.904687998018348
9.624327647613748,-0.7883594741626563,-2.8945620289601663
9.639076897093215,-0.8299002392684578,-2.8829265673724964
9.653902761715235,-0.8706298438847897,-2.870889004287201
9.667922077005088,-0.9081611792108993,-2.859238232916991
9.682077039945723,-0.9450545201207607,-2.8472569174556988
9.69720406825522,-0.9833360095166873,-2.834263624363092
9.713138955522961,-1.0223458749757461,-2.8204270797026623
9.729456861289098,-1.060857199649514,-2.8061685626404915
9.746151003139753,-1.0987163933182238,-2.791562696242698
9.763481792549543,-1.1363357844420194,-2.7764619545379237
9.78154108072602,-1.1736761718200746,-2.7608846849699793
9.800128107232892,-1.2100906582820763,-2.745119414294842
9.818870538760251,-1.2447064163496577,-2.7295981273986087
9.837004972155835,-1.2761634265489419,-2.7150335004818746
9.85401108488237,-1.3038252469491227,-2.7018585687296914
9.87004257335928,-1.3282596996581404,-2.6899305140215173
9.885693638218132,-1.3505672602685075,-2.6787997453133405
9.901339038278541,-1.371331392252416,-2.6682297900711345
9.916759023738777,-1.3902882437042337,-2.6584015120778495
9.931588490099248,-1.4071023793897748,-2.6495401287611315
9.946565865700325,-1.422670800326006,-2.64121331851475
9.962100318336104,-1.4373147566919466,-2.6332729236058143
9.977597222152063,-1.4503956685378276,-2.626090707627341
9.992220632696533,-1.4613385754340036,-2.6200170930641837
10.0,-1.4666054162319508,-2.617072515823569
